{"cameraMode":{"drawMode":0,"name":"Shaded","section":"Shading Mode"},"sceneLighting":false,"audioPlay":false,"sceneViewState":{"showFog":true,"showMaterialUpdate":true,"showSkybox":true,"showFlares":true,"showImageEffects":true,"showParticleSystems":true,"showVisualEffectGraphs":true,"m_FxEnabled":true},"in2DMode":false,"pivot":{"x":11.709491729736329,"y":1.851078987121582,"z":0.45176172256469729},"rotation":{"x":0.10077113658189774,"y":-0.8862888216972351,"z":0.38974907994270327,"w":0.22905395925045014},"size":8.71120548248291,"orthographic":false}