{"cameraMode":{"drawMode":0,"name":"Shaded","section":"Shading Mode"},"sceneLighting":false,"audioPlay":false,"sceneViewState":{"showFog":true,"showMaterialUpdate":true,"showSkybox":false,"showFlares":true,"showImageEffects":true,"showParticleSystems":true,"showVisualEffectGraphs":true,"m_FxEnabled":true},"in2DMode":false,"pivot":{"x":0.0000019669532775878908,"y":0.5141788721084595,"z":0.02325725555419922},"rotation":{"x":0.06953109800815582,"y":-0.9283153414726257,"z":0.2890043258666992,"w":0.2233479917049408},"size":0.9587485790252686,"orthographic":false}